base,lado,celulas,puzzle,algoritmo,repeticao,tempo_us,tempo_ms,recursive_calls,guesses,backtracks,singles,tuples,status
2,4,16,sudoku1,backtracking,1,12.900000,0.012900,9,8,0,0,0,solved
2,4,16,sudoku1,backtracking,2,8.600000,0.008600,9,8,0,0,0,solved
2,4,16,sudoku1,backtracking,3,5.900000,0.005900,9,8,0,0,0,solved
2,4,16,sudoku1,backtracking,4,5.300000,0.005300,9,8,0,0,0,solved
2,4,16,sudoku1,backtracking,5,5.400000,0.005400,9,8,0,0,0,solved
2,4,16,sudoku1,backtracking,6,5.500000,0.005500,9,8,0,0,0,solved
2,4,16,sudoku1,backtracking,7,5.300000,0.005300,9,8,0,0,0,solved
2,4,16,sudoku1,backtracking,8,5.400000,0.005400,9,8,0,0,0,solved
2,4,16,sudoku1,backtracking,9,5.400000,0.005400,9,8,0,0,0,solved
2,4,16,sudoku1,backtracking,10,5.300000,0.005300,9,8,0,0,0,solved
2,4,16,sudoku1,rule_based,1,2.600000,0.002600,1,0,0,8,0,solved
2,4,16,sudoku1,rule_based,2,1.400000,0.001400,1,0,0,8,0,solved
2,4,16,sudoku1,rule_based,3,1.200000,0.001200,1,0,0,8,0,solved
2,4,16,sudoku1,rule_based,4,1.100000,0.001100,1,0,0,8,0,solved
2,4,16,sudoku1,rule_based,5,1.100000,0.001100,1,0,0,8,0,solved
2,4,16,sudoku1,rule_based,6,1.100000,0.001100,1,0,0,8,0,solved
2,4,16,sudoku1,rule_based,7,1.100000,0.001100,1,0,0,8,0,solved
2,4,16,sudoku1,rule_based,8,1.100000,0.001100,1,0,0,8,0,solved
2,4,16,sudoku1,rule_based,9,1.100000,0.001100,1,0,0,8,0,solved
2,4,16,sudoku1,rule_based,10,1.100000,0.001100,1,0,0,8,0,solved
2,4,16,sudoku2,backtracking,1,7.500000,0.007500,9,8,0,0,0,solved
2,4,16,sudoku2,backtracking,2,5.600000,0.005600,9,8,0,0,0,solved
2,4,16,sudoku2,backtracking,3,5.300000,0.005300,9,8,0,0,0,solved
2,4,16,sudoku2,backtracking,4,5.300000,0.005300,9,8,0,0,0,solved
2,4,16,sudoku2,backtracking,5,5.200000,0.005200,9,8,0,0,0,solved
2,4,16,sudoku2,backtracking,6,5.200000,0.005200,9,8,0,0,0,solved
2,4,16,sudoku2,backtracking,7,5.100000,0.005100,9,8,0,0,0,solved
2,4,16,sudoku2,backtracking,8,5.100000,0.005100,9,8,0,0,0,solved
2,4,16,sudoku2,backtracking,9,5.300000,0.005300,9,8,0,0,0,solved
2,4,16,sudoku2,backtracking,10,5.200000,0.005200,9,8,0,0,0,solved
2,4,16,sudoku2,rule_based,1,1.900000,0.001900,1,0,0,8,0,solved
2,4,16,sudoku2,rule_based,2,1.300000,0.001300,1,0,0,8,0,solved
2,4,16,sudoku2,rule_based,3,1.200000,0.001200,1,0,0,8,0,solved
2,4,16,sudoku2,rule_based,4,1.100000,0.001100,1,0,0,8,0,solved
2,4,16,sudoku2,rule_based,5,1.100000,0.001100,1,0,0,8,0,solved
2,4,16,sudoku2,rule_based,6,1.100000,0.001100,1,0,0,8,0,solved
2,4,16,sudoku2,rule_based,7,1.100000,0.001100,1,0,0,8,0,solved
2,4,16,sudoku2,rule_based,8,1.100000,0.001100,1,0,0,8,0,solved
2,4,16,sudoku2,rule_based,9,1.100000,0.001100,1,0,0,8,0,solved
2,4,16,sudoku2,rule_based,10,1.100000,0.001100,1,0,0,8,0,solved
2,4,16,sudoku3,backtracking,1,7.900000,0.007900,9,8,0,0,0,solved
2,4,16,sudoku3,backtracking,2,5.900000,0.005900,9,8,0,0,0,solved
2,4,16,sudoku3,backtracking,3,5.500000,0.005500,9,8,0,0,0,solved
2,4,16,sudoku3,backtracking,4,5.500000,0.005500,9,8,0,0,0,solved
2,4,16,sudoku3,backtracking,5,5.600000,0.005600,9,8,0,0,0,solved
2,4,16,sudoku3,backtracking,6,5.500000,0.005500,9,8,0,0,0,solved
2,4,16,sudoku3,backtracking,7,5.400000,0.005400,9,8,0,0,0,solved
2,4,16,sudoku3,backtracking,8,5.500000,0.005500,9,8,0,0,0,solved
2,4,16,sudoku3,backtracking,9,5.700000,0.005700,9,8,0,0,0,solved
2,4,16,sudoku3,backtracking,10,5.400000,0.005400,9,8,0,0,0,solved
2,4,16,sudoku3,rule_based,1,20.700000,0.020700,3,2,0,6,0,solved
2,4,16,sudoku3,rule_based,2,15.300000,0.015300,3,2,0,6,0,solved
2,4,16,sudoku3,rule_based,3,14.700000,0.014700,3,2,0,6,0,solved
2,4,16,sudoku3,rule_based,4,14.700000,0.014700,3,2,0,6,0,solved
2,4,16,sudoku3,rule_based,5,14.400000,0.014400,3,2,0,6,0,solved
2,4,16,sudoku3,rule_based,6,14.400000,0.014400,3,2,0,6,0,solved
2,4,16,sudoku3,rule_based,7,14.600000,0.014600,3,2,0,6,0,solved
2,4,16,sudoku3,rule_based,8,14.600000,0.014600,3,2,0,6,0,solved
2,4,16,sudoku3,rule_based,9,14.400000,0.014400,3,2,0,6,0,solved
2,4,16,sudoku3,rule_based,10,14.500000,0.014500,3,2,0,6,0,solved
3,9,81,sudoku1,backtracking,1,123.900000,0.123900,42,41,0,0,0,solved
3,9,81,sudoku1,backtracking,2,109.100000,0.109100,42,41,0,0,0,solved
3,9,81,sudoku1,backtracking,3,105.700000,0.105700,42,41,0,0,0,solved
3,9,81,sudoku1,backtracking,4,79.700000,0.079700,42,41,0,0,0,solved
3,9,81,sudoku1,backtracking,5,79.500000,0.079500,42,41,0,0,0,solved
3,9,81,sudoku1,backtracking,6,82.000000,0.082000,42,41,0,0,0,solved
3,9,81,sudoku1,backtracking,7,66.600000,0.066600,42,41,0,0,0,solved
3,9,81,sudoku1,backtracking,8,81.800000,0.081800,42,41,0,0,0,solved
3,9,81,sudoku1,backtracking,9,79.800000,0.079800,42,41,0,0,0,solved
3,9,81,sudoku1,backtracking,10,79.000000,0.079000,42,41,0,0,0,solved
3,9,81,sudoku1,rule_based,1,217.800000,0.217800,5,4,0,37,6,solved
3,9,81,sudoku1,rule_based,2,196.500000,0.196500,5,4,0,37,6,solved
3,9,81,sudoku1,rule_based,3,205.700000,0.205700,5,4,0,37,6,solved
3,9,81,sudoku1,rule_based,4,195.700000,0.195700,5,4,0,37,6,solved
3,9,81,sudoku1,rule_based,5,192.900000,0.192900,5,4,0,37,6,solved
3,9,81,sudoku1,rule_based,6,193.100000,0.193100,5,4,0,37,6,solved
3,9,81,sudoku1,rule_based,7,191.500000,0.191500,5,4,0,37,6,solved
3,9,81,sudoku1,rule_based,8,194.900000,0.194900,5,4,0,37,6,solved
3,9,81,sudoku1,rule_based,9,219.300000,0.219300,5,4,0,37,6,solved
3,9,81,sudoku1,rule_based,10,192.800000,0.192800,5,4,0,37,6,solved
3,9,81,sudoku2,backtracking,1,99.600000,0.099600,42,41,0,0,0,solved
3,9,81,sudoku2,backtracking,2,91.700000,0.091700,42,41,0,0,0,solved
3,9,81,sudoku2,backtracking,3,86.600000,0.086600,42,41,0,0,0,solved
3,9,81,sudoku2,backtracking,4,83.500000,0.083500,42,41,0,0,0,solved
3,9,81,sudoku2,backtracking,5,78.100000,0.078100,42,41,0,0,0,solved
3,9,81,sudoku2,backtracking,6,83.000000,0.083000,42,41,0,0,0,solved
3,9,81,sudoku2,backtracking,7,90.300000,0.090300,42,41,0,0,0,solved
3,9,81,sudoku2,backtracking,8,81.800000,0.081800,42,41,0,0,0,solved
3,9,81,sudoku2,backtracking,9,78.900000,0.078900,42,41,0,0,0,solved
3,9,81,sudoku2,backtracking,10,81.200000,0.081200,42,41,0,0,0,solved
3,9,81,sudoku2,rule_based,1,54.400000,0.054400,3,2,0,39,0,solved
3,9,81,sudoku2,rule_based,2,46.300000,0.046300,3,2,0,39,0,solved
3,9,81,sudoku2,rule_based,3,43.200000,0.043200,3,2,0,39,0,solved
3,9,81,sudoku2,rule_based,4,42.000000,0.042000,3,2,0,39,0,solved
3,9,81,sudoku2,rule_based,5,41.600000,0.041600,3,2,0,39,0,solved
3,9,81,sudoku2,rule_based,6,41.200000,0.041200,3,2,0,39,0,solved
3,9,81,sudoku2,rule_based,7,41.400000,0.041400,3,2,0,39,0,solved
3,9,81,sudoku2,rule_based,8,41.100000,0.041100,3,2,0,39,0,solved
3,9,81,sudoku2,rule_based,9,41.300000,0.041300,3,2,0,39,0,solved
3,9,81,sudoku2,rule_based,10,41.200000,0.041200,3,2,0,39,0,solved
3,9,81,sudoku3,backtracking,1,96.700000,0.096700,42,41,0,0,0,solved
3,9,81,sudoku3,backtracking,2,86.200000,0.086200,42,41,0,0,0,solved
3,9,81,sudoku3,backtracking,3,68.400000,0.068400,42,41,0,0,0,solved
3,9,81,sudoku3,backtracking,4,83.700000,0.083700,42,41,0,0,0,solved
3,9,81,sudoku3,backtracking,5,81.600000,0.081600,42,41,0,0,0,solved
3,9,81,sudoku3,backtracking,6,66.400000,0.066400,42,41,0,0,0,solved
3,9,81,sudoku3,backtracking,7,81.300000,0.081300,42,41,0,0,0,solved
3,9,81,sudoku3,backtracking,8,81.900000,0.081900,42,41,0,0,0,solved
3,9,81,sudoku3,backtracking,9,81.300000,0.081300,42,41,0,0,0,solved
3,9,81,sudoku3,backtracking,10,80.000000,0.080000,42,41,0,0,0,solved
3,9,81,sudoku3,rule_based,1,32.700000,0.032700,2,1,0,40,0,solved
3,9,81,sudoku3,rule_based,2,26.800000,0.026800,2,1,0,40,0,solved
3,9,81,sudoku3,rule_based,3,24.800000,0.024800,2,1,0,40,0,solved
3,9,81,sudoku3,rule_based,4,24.200000,0.024200,2,1,0,40,0,solved
3,9,81,sudoku3,rule_based,5,24.500000,0.024500,2,1,0,40,0,solved
3,9,81,sudoku3,rule_based,6,24.000000,0.024000,2,1,0,40,0,solved
3,9,81,sudoku3,rule_based,7,23.400000,0.023400,2,1,0,40,0,solved
3,9,81,sudoku3,rule_based,8,23.500000,0.023500,2,1,0,40,0,solved
3,9,81,sudoku3,rule_based,9,23.300000,0.023300,2,1,0,40,0,solved
3,9,81,sudoku3,rule_based,10,23.400000,0.023400,2,1,0,40,0,solved
4,16,256,sudoku1,backtracking,1,1005.900000,1.005900,205,213,85,0,0,solved
4,16,256,sudoku1,backtracking,2,974.800000,0.974800,205,213,85,0,0,solved
4,16,256,sudoku1,backtracking,3,946.700000,0.946700,205,213,85,0,0,solved
4,16,256,sudoku1,backtracking,4,943.900000,0.943900,205,213,85,0,0,solved
4,16,256,sudoku1,backtracking,5,981.600000,0.981600,205,213,85,0,0,solved
4,16,256,sudoku1,backtracking,6,946.700000,0.946700,205,213,85,0,0,solved
4,16,256,sudoku1,backtracking,7,926.000000,0.926000,205,213,85,0,0,solved
4,16,256,sudoku1,backtracking,8,956.100000,0.956100,205,213,85,0,0,solved
4,16,256,sudoku1,backtracking,9,934.800000,0.934800,205,213,85,0,0,solved
4,16,256,sudoku1,backtracking,10,919.400000,0.919400,205,213,85,0,0,solved
4,16,256,sudoku1,rule_based,1,609.900000,0.609900,8,7,0,121,7,solved
4,16,256,sudoku1,rule_based,2,549.200000,0.549200,8,7,0,121,7,solved
4,16,256,sudoku1,rule_based,3,563.900000,0.563900,8,7,0,121,7,solved
4,16,256,sudoku1,rule_based,4,537.300000,0.537300,8,7,0,121,7,solved
4,16,256,sudoku1,rule_based,5,539.900000,0.539900,8,7,0,121,7,solved
4,16,256,sudoku1,rule_based,6,541.700000,0.541700,8,7,0,121,7,solved
4,16,256,sudoku1,rule_based,7,552.200000,0.552200,8,7,0,121,7,solved
4,16,256,sudoku1,rule_based,8,550.300000,0.550300,8,7,0,121,7,solved
4,16,256,sudoku1,rule_based,9,560.200000,0.560200,8,7,0,121,7,solved
4,16,256,sudoku1,rule_based,10,528.500000,0.528500,8,7,0,121,7,solved
4,16,256,sudoku2,backtracking,1,876.500000,0.876500,164,167,39,0,0,solved
4,16,256,sudoku2,backtracking,2,787.100000,0.787100,164,167,39,0,0,solved
4,16,256,sudoku2,backtracking,3,803.300000,0.803300,164,167,39,0,0,solved
4,16,256,sudoku2,backtracking,4,768.400000,0.768400,164,167,39,0,0,solved
4,16,256,sudoku2,backtracking,5,789.600000,0.789600,164,167,39,0,0,solved
4,16,256,sudoku2,backtracking,6,781.900000,0.781900,164,167,39,0,0,solved
4,16,256,sudoku2,backtracking,7,764.700000,0.764700,164,167,39,0,0,solved
4,16,256,sudoku2,backtracking,8,777.300000,0.777300,164,167,39,0,0,solved
4,16,256,sudoku2,backtracking,9,753.000000,0.753000,164,167,39,0,0,solved
4,16,256,sudoku2,backtracking,10,790.400000,0.790400,164,167,39,0,0,solved
4,16,256,sudoku2,rule_based,1,3393.700000,3.393700,10,9,0,119,34,solved
4,16,256,sudoku2,rule_based,2,3319.100000,3.319100,10,9,0,119,34,solved
4,16,256,sudoku2,rule_based,3,3274.400000,3.274400,10,9,0,119,34,solved
4,16,256,sudoku2,rule_based,4,3253.100000,3.253100,10,9,0,119,34,solved
4,16,256,sudoku2,rule_based,5,3255.400000,3.255400,10,9,0,119,34,solved
4,16,256,sudoku2,rule_based,6,3344.100000,3.344100,10,9,0,119,34,solved
4,16,256,sudoku2,rule_based,7,3225.300000,3.225300,10,9,0,119,34,solved
4,16,256,sudoku2,rule_based,8,3198.700000,3.198700,10,9,0,119,34,solved
4,16,256,sudoku2,rule_based,9,3199.000000,3.199000,10,9,0,119,34,solved
4,16,256,sudoku2,rule_based,10,3237.100000,3.237100,10,9,0,119,34,solved
4,16,256,sudoku3,backtracking,1,1693.900000,1.693900,348,361,233,0,0,solved
4,16,256,sudoku3,backtracking,2,2283.200000,2.283200,348,361,233,0,0,solved
4,16,256,sudoku3,backtracking,3,1863.900000,1.863900,348,361,233,0,0,solved
4,16,256,sudoku3,backtracking,4,1596.200000,1.596200,348,361,233,0,0,solved
4,16,256,sudoku3,backtracking,5,1795.100000,1.795100,348,361,233,0,0,solved
4,16,256,sudoku3,backtracking,6,1549.500000,1.549500,348,361,233,0,0,solved
4,16,256,sudoku3,backtracking,7,1603.400000,1.603400,348,361,233,0,0,solved
4,16,256,sudoku3,backtracking,8,1560.100000,1.560100,348,361,233,0,0,solved
4,16,256,sudoku3,backtracking,9,1642.700000,1.642700,348,361,233,0,0,solved
4,16,256,sudoku3,backtracking,10,2646.100000,2.646100,348,361,233,0,0,solved
4,16,256,sudoku3,rule_based,1,3889.800000,3.889800,8,7,0,121,31,solved
4,16,256,sudoku3,rule_based,2,4616.200000,4.616200,8,7,0,121,31,solved
4,16,256,sudoku3,rule_based,3,5239.500000,5.239500,8,7,0,121,31,solved
4,16,256,sudoku3,rule_based,4,4220.300000,4.220300,8,7,0,121,31,solved
4,16,256,sudoku3,rule_based,5,3285.400000,3.285400,8,7,0,121,31,solved
4,16,256,sudoku3,rule_based,6,3838.200000,3.838200,8,7,0,121,31,solved
4,16,256,sudoku3,rule_based,7,2919.900000,2.919900,8,7,0,121,31,solved
4,16,256,sudoku3,rule_based,8,4465.700000,4.465700,8,7,0,121,31,solved
4,16,256,sudoku3,rule_based,9,3724.700000,3.724700,8,7,0,121,31,solved
4,16,256,sudoku3,rule_based,10,3625.300000,3.625300,8,7,0,121,31,solved
5,25,625,sudoku1,backtracking,1,1000651.000000,1000.651000,126346,138658,138658,0,0,timeout
5,25,625,sudoku1,backtracking,2,1000353.000000,1000.353000,154046,168294,168294,0,0,timeout
5,25,625,sudoku1,backtracking,3,1000489.000000,1000.489000,139269,152341,152341,0,0,timeout
5,25,625,sudoku1,backtracking,4,1000760.200000,1000.760200,163317,178305,178305,0,0,timeout
5,25,625,sudoku1,backtracking,5,1000796.900000,1000.796900,161302,176137,176137,0,0,timeout
5,25,625,sudoku1,backtracking,6,1000530.600000,1000.530600,149381,163240,163240,0,0,timeout
5,25,625,sudoku1,backtracking,7,1000418.800000,1000.418800,157933,172525,172525,0,0,timeout
5,25,625,sudoku1,backtracking,8,1001050.600000,1001.050600,149776,163665,163665,0,0,timeout
5,25,625,sudoku1,backtracking,9,1000657.300000,1000.657300,156323,170769,170769,0,0,timeout
5,25,625,sudoku1,backtracking,10,1001089.500000,1001.089500,128920,141354,141354,0,0,timeout
5,25,625,sudoku1,rule_based,1,1000003.500000,1000.003500,1,0,0,24,18,timeout
5,25,625,sudoku1,rule_based,2,1000015.300000,1000.015300,1,0,0,26,19,timeout
5,25,625,sudoku1,rule_based,3,1000173.000000,1000.173000,1,0,0,13,8,timeout
5,25,625,sudoku1,rule_based,4,1000222.000000,1000.222000,1,0,0,10,6,timeout
5,25,625,sudoku1,rule_based,5,1000204.500000,1000.204500,1,0,0,10,6,timeout
5,25,625,sudoku1,rule_based,6,1000551.400000,1000.551400,1,0,0,10,6,timeout
5,25,625,sudoku1,rule_based,7,1001408.200000,1001.408200,1,0,0,10,6,timeout
5,25,625,sudoku1,rule_based,8,1001366.400000,1001.366400,1,0,0,10,6,timeout
5,25,625,sudoku1,rule_based,9,1000418.100000,1000.418100,1,0,0,10,6,timeout
5,25,625,sudoku1,rule_based,10,1000243.600000,1000.243600,1,0,0,10,6,timeout
